Level	Rule Name	Subject	Property	Value
ERROR	duplicate_definition	distal phalanx of pedal digit 5 proximal breadth	IAO:0000115	The width of the distal end of a distal phalanx of pedal digit 5 along the medial-lateral axis.
ERROR	duplicate_definition	distal phalanx of pedal digit 5 distal breadth	IAO:0000115	The width of the distal end of a distal phalanx of pedal digit 5 along the medial-lateral axis.
ERROR	duplicate_definition	distal phalanx of pedal digit 4 proximal breadth	IAO:0000115	The width of the distal end of a distal phalanx of pedal digit 4 along the medial-lateral axis.
ERROR	duplicate_definition	distal phalanx of pedal digit 4 distal breadth	IAO:0000115	The width of the distal end of a distal phalanx of pedal digit 4 along the medial-lateral axis.
ERROR	duplicate_definition	distal phalanx of pedal digit 3 proximal breadth	IAO:0000115	The width of the distal end of a distal phalanx of pedal digit 3 along the medial-lateral axis.
ERROR	duplicate_definition	distal phalanx of pedal digit 3 distal breadth	IAO:0000115	The width of the distal end of a distal phalanx of pedal digit 3 along the medial-lateral axis.
ERROR	duplicate_definition	distal phalanx of pedal digit 2 proximal breadth	IAO:0000115	The width of the distal end of a distal phalanx of pedal digit 2 along the medial-lateral axis.
ERROR	duplicate_definition	distal phalanx of pedal digit 2 distal breadth	IAO:0000115	The width of the distal end of a distal phalanx of pedal digit 2 along the medial-lateral axis.
ERROR	duplicate_definition	distal phalanx of pedal digit 1 proximal breadth	IAO:0000115	The width of the distal end of a distal phalanx of pedal digit 1 along the medial-lateral axis.
ERROR	duplicate_definition	distal phalanx of pedal digit 1 distal breadth	IAO:0000115	The width of the distal end of a distal phalanx of pedal digit 1 along the medial-lateral axis.
ERROR	duplicate_definition	atlas cranial articular surface breadth	IAO:0000115	The width of the cranial articular surface of an atlas along the medial-lateral axis.
ERROR	duplicate_definition	axis cranial articular surface breadth	IAO:0000115	The width of the cranial articular surface of an atlas along the medial-lateral axis.
ERROR	duplicate_definition	atlas caudal articular surface breadth	IAO:0000115	The width of the caudal articular surface of an atlas along the medial-lateral axis.
ERROR	duplicate_definition	axis caudal articular surface breadth	IAO:0000115	The width of the caudal articular surface of an atlas along the medial-lateral axis.
ERROR	duplicate_definition	cervical vertebra transverse process breadth	IAO:0000115	The width between the left and right transverse processes along the medial-lateral axis.
ERROR	duplicate_definition	mammalian cervical vertebra 3 transverse process breadth	IAO:0000115	The width between the left and right transverse processes along the medial-lateral axis.
ERROR	duplicate_definition	mammalian cervical vertebra 4 transverse process breadth	IAO:0000115	The width between the left and right transverse processes along the medial-lateral axis.
ERROR	duplicate_definition	mammalian cervical vertebra 5 transverse process breadth	IAO:0000115	The width between the left and right transverse processes along the medial-lateral axis.
ERROR	duplicate_definition	mammalian cervical vertebra 6 transverse process breadth	IAO:0000115	The width between the left and right transverse processes along the medial-lateral axis.
ERROR	duplicate_definition	mammalian cervical vertebra 7 transverse process breadth	IAO:0000115	The width between the left and right transverse processes along the medial-lateral axis.
ERROR	duplicate_definition	thoracic vertebra transverse process breadth	IAO:0000115	The width between a left and right transverse process along the medial-lateral axis.
ERROR	duplicate_definition	thoracic vertebra 1 transverse process breadth	IAO:0000115	The width between a left and right transverse process along the medial-lateral axis.
ERROR	duplicate_definition	thoracic vertebra 2 transverse process breadth	IAO:0000115	The width between a left and right transverse process along the medial-lateral axis.
ERROR	duplicate_definition	thoracic vertebra 3 transverse process breadth	IAO:0000115	The width between a left and right transverse process along the medial-lateral axis.
ERROR	duplicate_definition	thoracic vertebra 5 transverse process breadth	IAO:0000115	The width between a left and right transverse process along the medial-lateral axis.
ERROR	duplicate_definition	thoracic vertebra 4 transverse process breadth	IAO:0000115	The width between a left and right transverse process along the medial-lateral axis.
ERROR	duplicate_definition	thoracic vertebra 6 transverse process breadth	IAO:0000115	The width between a left and right transverse process along the medial-lateral axis.
ERROR	duplicate_definition	thoracic vertebra 12 transverse process breadth	IAO:0000115	The width between a left and right transverse process along the medial-lateral axis.
ERROR	duplicate_definition	thoracic vertebra 7 transverse process breadth	IAO:0000115	The width between a left and right transverse process along the medial-lateral axis.
ERROR	duplicate_definition	thoracic vertebra 11 transverse process breadth	IAO:0000115	The width between a left and right transverse process along the medial-lateral axis.
ERROR	duplicate_definition	thoracic vertebra 8 transverse process breadth	IAO:0000115	The width between a left and right transverse process along the medial-lateral axis.
ERROR	duplicate_definition	thoracic vertebra 9 transverse process breadth	IAO:0000115	The width between a left and right transverse process along the medial-lateral axis.
ERROR	duplicate_definition	thoracic vertebra 10 transverse process breadth	IAO:0000115	The width between a left and right transverse process along the medial-lateral axis.
ERROR	duplicate_definition	upper primary premolar tooth 3 occlusal surface width	IAO:0000115	The length of the occlusal surface of an upper primary premolar tooth 3 along the medial-lateral axis.@en
ERROR	duplicate_definition	upper primary premolar tooth 3 occlusal surface length	IAO:0000115	The length of the occlusal surface of an upper primary premolar tooth 3 along the medial-lateral axis.@en
ERROR	duplicate_definition	lower secondary premolar tooth 5 occlusal surface length	IAO:0000115	The length of the occlusal surface of a lower primary premolar tooth 5 along the anterior-posterior axis.@en
ERROR	duplicate_definition	lower primary premolar tooth 5 occlusal surface length	IAO:0000115	The length of the occlusal surface of a lower primary premolar tooth 5 along the anterior-posterior axis.@en
ERROR	duplicate_definition	distal phalanx of digit 2 diagonal length	IAO:0000115	The length of the distal phalanx of digit 2 along the proximal-distal axis.
ERROR	duplicate_definition	distal phalanx of digit 4 diagonal length	IAO:0000115	The length of the distal phalanx of digit 2 along the proximal-distal axis.
ERROR	duplicate_definition	phalanx of pes anterior length	IAO:0000115	The length of the anterior side of a phalanx of pes along the proximal-distal axis.
ERROR	duplicate_definition	proximal phalanx of pes anterior length	IAO:0000115	The length of the anterior side of a phalanx of pes along the proximal-distal axis.
ERROR	duplicate_definition	phalanx of manus anterior length	IAO:0000115	The length of the anterior side of a phalanx of manus along the proximal-distal axis.
ERROR	duplicate_definition	proximal phalanx of manus anterior length	IAO:0000115	The length of the anterior side of a phalanx of manus along the proximal-distal axis.
ERROR	duplicate_definition	upper tooth row length	IAO:0000115	The length of an upper tooth row along the anterior-posterior axis.@en
ERROR	duplicate_definition	upper molar tooth row length	IAO:0000115	The length of an upper tooth row along the anterior-posterior axis.@en
ERROR	duplicate_definition	cervical vertebra length between cranial and caudal articular processes	IAO:0000115	The length between the cranial and caudal articular processes along the superior-inferior axis.
ERROR	duplicate_definition	mammalian cervical vertebra 3 length between cranial and caudal articular processes	IAO:0000115	The length between the cranial and caudal articular processes along the superior-inferior axis.
ERROR	duplicate_definition	mammalian cervical vertebra 4 length between cranial and caudal articular processes	IAO:0000115	The length between the cranial and caudal articular processes along the superior-inferior axis.
ERROR	duplicate_definition	mammalian cervical vertebra 5 length between cranial and caudal articular processes	IAO:0000115	The length between the cranial and caudal articular processes along the superior-inferior axis.
ERROR	duplicate_definition	mammalian cervical vertebra 6 length between cranial and caudal articular processes	IAO:0000115	The length between the cranial and caudal articular processes along the superior-inferior axis.
ERROR	duplicate_definition	mammalian cervical vertebra 7 length between cranial and caudal articular processes	IAO:0000115	The length between the cranial and caudal articular processes along the superior-inferior axis.
ERROR	duplicate_definition	metacarpal bone of digit 2 diaphysis depth	IAO:0000115	The depth of the diaphysis of a metacarpal bone of digit 2 along the anterior-posterior axis.
ERROR	duplicate_definition	fused metacarpal bones 3 and 4 diaphysis depth	IAO:0000115	The depth of the diaphysis of a metacarpal bone of digit 2 along the anterior-posterior axis.
ERROR	duplicate_definition	distal phalanx of manual digit 5 proximal breadth	IAO:0000115	The breadth of the distal end of a distal phalanx of manual digit 5 along the anterior-posterior axis.
ERROR	duplicate_definition	distal phalanx of manual digit 5 distal breadth	IAO:0000115	The breadth of the distal end of a distal phalanx of manual digit 5 along the anterior-posterior axis.
ERROR	duplicate_definition	distal phalanx of manual digit 4 proximal breadth	IAO:0000115	The breadth of the distal end of a distal phalanx of manual digit 4 along the anterior-posterior axis.
ERROR	duplicate_definition	distal phalanx of manual digit 4 distal breadth	IAO:0000115	The breadth of the distal end of a distal phalanx of manual digit 4 along the anterior-posterior axis.
ERROR	duplicate_definition	distal phalanx of manual digit 3 proximal breadth	IAO:0000115	The breadth of the distal end of a distal phalanx of manual digit 3 along the anterior-posterior axis.
ERROR	duplicate_definition	distal phalanx of manual digit 3 distal breadth	IAO:0000115	The breadth of the distal end of a distal phalanx of manual digit 3 along the anterior-posterior axis.
ERROR	duplicate_definition	distal phalanx of manual digit 2 proximal breadth	IAO:0000115	The breadth of the distal end of a distal phalanx of manual digit 2 along the anterior-posterior axis.
ERROR	duplicate_definition	distal phalanx of manual digit 2 distal breadth	IAO:0000115	The breadth of the distal end of a distal phalanx of manual digit 2 along the anterior-posterior axis.
ERROR	duplicate_definition	distal phalanx of manual digit 1 proximal breadth	IAO:0000115	The breadth of the distal end of a distal phalanx of manual digit 1 along the anterior-posterior axis.
ERROR	duplicate_definition	distal phalanx of manual digit 1 distal breadth	IAO:0000115	The breadth of the distal end of a distal phalanx of manual digit 1 along the anterior-posterior axis.
ERROR	duplicate_definition	metatarsal bone of digit 3 distal articular breadth	IAO:0000115	The breadth of the distal articular of a metatarsal bone of digit 3 along the medial-lateral axis.
ERROR	duplicate_definition	metatarsal bone of digit 2 distal articular breadth	IAO:0000115	The breadth of the distal articular of a metatarsal bone of digit 3 along the medial-lateral axis.
ERROR	multiple_definitions	pes length with nail	IAO:0000115	A length measurement of a hindfoot that includes the nail.@en
ERROR	multiple_definitions	pes length with nail	IAO:0000115	The length of a hindfoot that includes the nail.@en
ERROR	multiple_definitions	proximal phalanx of manual digit 1 proximal articular surface breadth	IAO:0000115	The depth of the middle end of a middle phalanx of manual digit 1 along the anterior-posterior axis.
ERROR	multiple_definitions	proximal phalanx of manual digit 1 proximal articular surface breadth	IAO:0000115	The width of the proximal articular surface of a proximal phalanx of manual digit 1 along the medial-lateral axis.
ERROR	multiple_definitions	metacarpal bone of digit 3 proximal depth	IAO:0000115	IAO:0000423
ERROR	multiple_definitions	metacarpal bone of digit 3 proximal depth	IAO:0000115	The depth of the proximal end of a metacarpal bone of digit 3 along the anterior-posterior axis.
WARN	duplicate_exact_synonym	upper canine tooth anterior-posterior diameter	oboInOwl:hasExactSynonym	upper canine tooth diameter AP@en
WARN	duplicate_exact_synonym	upper canine tooth medial-lateral diameter	oboInOwl:hasExactSynonym	upper canine tooth diameter AP@en
WARN	duplicate_exact_synonym	canine tooth medial-lateral diameter	oboInOwl:hasExactSynonym	cuspid diameter ML@en
WARN	duplicate_exact_synonym	upper canine tooth medial-lateral diameter	oboInOwl:hasExactSynonym	cuspid diameter ML@en
WARN	missing_definition	testis length	IAO:0000115	
WARN	missing_definition	right testis length	IAO:0000115	
WARN	missing_definition	left testis length	IAO:0000115	
WARN	missing_definition	gonad length	IAO:0000115	
WARN	missing_definition	secondary molar tooth 1 occlusal surface width	IAO:0000115	
WARN	missing_definition	metatarsal bone of digit 3 aricular facet for second tarsal diameter	IAO:0000115	
WARN	missing_obsolete_label	DEPRECATED metatarsal bone length	rdfs:label	DEPRECATED metatarsal bone length@en
WARN	missing_obsolete_label	DEPRECATED upper primary molar tooth 3 occlusal surface width	rdfs:label	DEPRECATED upper primary molar tooth 3 occlusal surface width@en
INFO	missing_superclass	astragalus breadth	rdfs:subClassOf	
INFO	missing_superclass	calcaneus length	rdfs:subClassOf	
INFO	missing_superclass	testis length	rdfs:subClassOf	
INFO	missing_superclass	gonad length	rdfs:subClassOf	
INFO	missing_superclass	fused metatarsal bones 3 and 4 length	rdfs:subClassOf	
INFO	missing_superclass	fused metapodial bones 3 and 4 length	rdfs:subClassOf	
INFO	missing_superclass	secondary molar tooth 1 occlusal surface width	rdfs:subClassOf	
INFO	missing_superclass	upper secondary molar tooth 1 occlusal surface width	rdfs:subClassOf	
INFO	missing_superclass	lower secondary molar tooth 1 occlusal surface width	rdfs:subClassOf	
INFO	missing_superclass	secondary molar tooth 1 occlusal surface length	rdfs:subClassOf	
INFO	missing_superclass	upper secondary molar tooth 1 occlusal surface length	rdfs:subClassOf	
INFO	missing_superclass	lower secondary molar tooth 1 occlusal surface length	rdfs:subClassOf	
INFO	missing_superclass	secondary molar tooth 2 occlusal surface width	rdfs:subClassOf	
INFO	missing_superclass	upper secondary molar tooth 2 occlusal surface width	rdfs:subClassOf	
INFO	missing_superclass	lower secondary molar tooth 2 occlusal surface width	rdfs:subClassOf	
INFO	missing_superclass	secondary molar tooth 2 occlusal surface length	rdfs:subClassOf	
INFO	missing_superclass	upper secondary molar tooth 2 occlusal surface length	rdfs:subClassOf	
INFO	missing_superclass	lower secondary molar tooth 2 occlusal surface length	rdfs:subClassOf	
INFO	missing_superclass	secondary molar tooth 3 occlusal surface width	rdfs:subClassOf	
INFO	missing_superclass	upper secondary molar tooth 3 occlusal surface width	rdfs:subClassOf	
INFO	missing_superclass	lower secondary molar tooth 3 occlusal surface width	rdfs:subClassOf	
INFO	missing_superclass	secondary molar tooth 3 occlusal surface length	rdfs:subClassOf	
INFO	missing_superclass	upper secondary molar tooth 3 occlusal surface length	rdfs:subClassOf	
INFO	missing_superclass	lower secondary molar tooth 3 occlusal surface length	rdfs:subClassOf	
INFO	missing_superclass	secondary molar tooth 4 occlusal surface width	rdfs:subClassOf	
INFO	missing_superclass	upper secondary molar tooth 4 occlusal surface width	rdfs:subClassOf	
INFO	missing_superclass	lower secondary molar tooth 4 occlusal surface width	rdfs:subClassOf	
INFO	missing_superclass	secondary molar tooth 4 occlusal surface length	rdfs:subClassOf	
INFO	missing_superclass	upper secondary molar tooth 4 occlusal surface length	rdfs:subClassOf	
INFO	missing_superclass	lower secondary molar tooth 4 occlusal surface length	rdfs:subClassOf	
INFO	missing_superclass	premolar tooth 1 occlusal surface width	rdfs:subClassOf	
INFO	missing_superclass	upper premolar tooth 1 occlusal surface width	rdfs:subClassOf	
INFO	missing_superclass	lower premolar tooth 1 occlusal suface width	rdfs:subClassOf	
INFO	missing_superclass	upper secondary premolar tooth 1 occlusal surface width	rdfs:subClassOf	
INFO	missing_superclass	upper primary premolar tooth 1 occlusal surface width	rdfs:subClassOf	
INFO	missing_superclass	lower secondary premolar tooth 1 occlusal surface width	rdfs:subClassOf	
INFO	missing_superclass	lower primary premolar tooth 1 occlusal surface width	rdfs:subClassOf	
INFO	missing_superclass	premolar tooth 1 occlusal surface length	rdfs:subClassOf	
INFO	missing_superclass	upper premolar tooth 1 occlusal surface length	rdfs:subClassOf	
INFO	missing_superclass	lower premolar tooth 1 occlusal surface length	rdfs:subClassOf	
INFO	missing_superclass	upper secondary premolar tooth 1 occlusal surface length	rdfs:subClassOf	
INFO	missing_superclass	lower secondary premolar tooth 1 occlusal surface length	rdfs:subClassOf	
INFO	missing_superclass	lower primary premolar tooth 1 occlusal surface length	rdfs:subClassOf	
INFO	missing_superclass	premolar tooth 2 occlusal surface width	rdfs:subClassOf	
INFO	missing_superclass	upper premolar tooth 2 occlusal surface width	rdfs:subClassOf	
INFO	missing_superclass	lower premolar tooth 2 occlusal surface width	rdfs:subClassOf	
INFO	missing_superclass	upper secondary premolar tooth 2 occlusal surface width	rdfs:subClassOf	
INFO	missing_superclass	upper primary premolar tooth 2 occlusal surface width	rdfs:subClassOf	
INFO	missing_superclass	lower secondary premolar tooth 2 occlusal surface width	rdfs:subClassOf	
INFO	missing_superclass	lower primary premolar tooth 2 occlusal surface width	rdfs:subClassOf	
INFO	missing_superclass	premolar tooth 2 occlusal surface length	rdfs:subClassOf	
INFO	missing_superclass	upper premolar tooth 2 occlusal surface length	rdfs:subClassOf	
INFO	missing_superclass	lower premolar tooth 2 occlusal surface length	rdfs:subClassOf	
INFO	missing_superclass	upper secondary premolar tooth 2 occlusal surface length	rdfs:subClassOf	
INFO	missing_superclass	upper primary premolar tooth 2 occlusal surface length	rdfs:subClassOf	
INFO	missing_superclass	lower secondary premolar tooth 2 occlusal surface length	rdfs:subClassOf	
INFO	missing_superclass	lower primary premolar tooth 2 occlusal surface length	rdfs:subClassOf	
INFO	missing_superclass	premolar tooth 3 occlusal surface width	rdfs:subClassOf	
INFO	missing_superclass	upper premolar tooth 3 occlusal surface width	rdfs:subClassOf	
INFO	missing_superclass	lower premolar tooth 3 occlusal surface width	rdfs:subClassOf	
INFO	missing_superclass	upper secondary premolar tooth 3 occlusal surface width	rdfs:subClassOf	
INFO	missing_superclass	upper primary premolar tooth 3 occlusal surface width	rdfs:subClassOf	
INFO	missing_superclass	lower secondary premolar tooth 3 occlusal surface width	rdfs:subClassOf	
INFO	missing_superclass	lower primary premolar tooth 3 occlusal surface width	rdfs:subClassOf	
INFO	missing_superclass	premolar tooth 3 occlusal surface length	rdfs:subClassOf	
INFO	missing_superclass	upper premolar tooth 3 occlusal surface length	rdfs:subClassOf	
INFO	missing_superclass	lower premolar tooth 3 occlusal surface length	rdfs:subClassOf	
INFO	missing_superclass	upper secondary premolar tooth 3 occlusal surface length	rdfs:subClassOf	
INFO	missing_superclass	upper primary premolar tooth 3 occlusal surface length	rdfs:subClassOf	
INFO	missing_superclass	lower secondary premolar tooth 3 occlusal surface length	rdfs:subClassOf	
INFO	missing_superclass	lower primary premolar tooth 3 occlusal surface length	rdfs:subClassOf	
INFO	missing_superclass	premolar tooth 4 occlusal surface width	rdfs:subClassOf	
INFO	missing_superclass	upper premolar tooth 4 occlusal surface width	rdfs:subClassOf	
INFO	missing_superclass	lower premolar tooth 4 occlusal surface width	rdfs:subClassOf	
INFO	missing_superclass	upper secondary premolar tooth 4 occlusal surface width	rdfs:subClassOf	
INFO	missing_superclass	upper primary premolar tooth 4 occlusal surface width	rdfs:subClassOf	
INFO	missing_superclass	lower secondary premolar tooth 4 occlusal surface width	rdfs:subClassOf	
INFO	missing_superclass	lower primary premolar tooth 4 occlusal surface width	rdfs:subClassOf	
INFO	missing_superclass	premolar tooth 4 occlusal surface length	rdfs:subClassOf	
INFO	missing_superclass	upper premolar tooth 4 occlusal surface length	rdfs:subClassOf	
INFO	missing_superclass	lower premolar tooth 4 occlusal surface length	rdfs:subClassOf	
INFO	missing_superclass	upper secondary premolar tooth 4 occlusal surface length	rdfs:subClassOf	
INFO	missing_superclass	upper primary premolar tooth 4 occlusal surface length	rdfs:subClassOf	
INFO	missing_superclass	lower secondary premolar tooth 4 occlusal surface length	rdfs:subClassOf	
INFO	missing_superclass	lower primary premolar tooth 4 occlusal surface length	rdfs:subClassOf	
INFO	missing_superclass	premolar tooth 5 occlusal surface width	rdfs:subClassOf	
INFO	missing_superclass	upper premolar tooth 5 occlusal surface width	rdfs:subClassOf	
INFO	missing_superclass	lower premolar tooth 5 occlusal surface width	rdfs:subClassOf	
INFO	missing_superclass	upper secondary premolar tooth 5 occlusal surface width	rdfs:subClassOf	
INFO	missing_superclass	upper primary premolar tooth 5 occlusal surface width	rdfs:subClassOf	
INFO	missing_superclass	lower secondary premolar tooth 5 occlusal surface width	rdfs:subClassOf	
INFO	missing_superclass	lower primary premolar tooth 5 occlusal surface width	rdfs:subClassOf	
INFO	missing_superclass	premolar tooth 5 occlusal surface length	rdfs:subClassOf	
INFO	missing_superclass	upper premolar tooth 5 occlusal surface length	rdfs:subClassOf	
INFO	missing_superclass	lower premolar tooth 5 occlusal surface length	rdfs:subClassOf	
INFO	missing_superclass	upper secondary premolar tooth 5 occlusal surface length	rdfs:subClassOf	
INFO	missing_superclass	upper primary premolar tooth 5 occlusal surface length	rdfs:subClassOf	
INFO	missing_superclass	lower secondary premolar tooth 5 occlusal surface length	rdfs:subClassOf	
INFO	missing_superclass	lower primary premolar tooth 5 occlusal surface length	rdfs:subClassOf	
INFO	missing_superclass	upper tooth row length	rdfs:subClassOf	
INFO	missing_superclass	lower tooth row length	rdfs:subClassOf	
INFO	missing_superclass	canine tooth crown height	rdfs:subClassOf	
INFO	missing_superclass	lower canine tooth crown height	rdfs:subClassOf	
INFO	missing_superclass	upper canine tooth crown height	rdfs:subClassOf	
INFO	missing_superclass	upper secondary canine tooth crown height	rdfs:subClassOf	
INFO	missing_superclass	lower secondary canine tooth crown height	rdfs:subClassOf	
INFO	missing_superclass	upper primary canine tooth crown height	rdfs:subClassOf	
INFO	missing_superclass	lower primary canine tooth crown height	rdfs:subClassOf	
INFO	missing_superclass	secondary canine tooth crown height	rdfs:subClassOf	
INFO	missing_superclass	primary canine tooth crown height	rdfs:subClassOf	
INFO	missing_superclass	upper premolar tooth row length	rdfs:subClassOf	
INFO	missing_superclass	upper molar tooth row length	rdfs:subClassOf	
INFO	missing_superclass	upper secondary canine tooth to premolar tooth 3 length	rdfs:subClassOf	
INFO	missing_superclass	lower secondary canine tooth to premolar tooth 3 length	rdfs:subClassOf	
INFO	missing_superclass	diastema between central incisors length	rdfs:subClassOf	
INFO	missing_superclass	diastema between lower central incisors length	rdfs:subClassOf	
INFO	missing_superclass	metacarpal bone of digit 3 diaphysis breadth	rdfs:subClassOf	
INFO	missing_superclass	secondary molar tooth 1 crown height	rdfs:subClassOf	
INFO	missing_superclass	upper secondary molar tooth 1 crown height	rdfs:subClassOf	
INFO	missing_superclass	lower secondary molar tooth 1 crown height	rdfs:subClassOf	
INFO	missing_superclass	secondary molar tooth 2 crown height	rdfs:subClassOf	
INFO	missing_superclass	secondary molar tooth 3 crown height	rdfs:subClassOf	
INFO	missing_superclass	lower secondary molar tooth 3 crown height	rdfs:subClassOf	
INFO	missing_superclass	upper secondary molar tooth 3 crown height	rdfs:subClassOf	
INFO	missing_superclass	premolar tooth 3 crown height	rdfs:subClassOf	
INFO	missing_superclass	incisor tooth 1 crown height	rdfs:subClassOf	
INFO	missing_superclass	incisor tooth 2 crown height	rdfs:subClassOf	
INFO	missing_superclass	incisor tooth diameter	rdfs:subClassOf	
INFO	missing_superclass	metacarpal bone of digit 2 diaphysis depth	rdfs:subClassOf	
INFO	missing_superclass	metacarpal bone of digit 2 proximal depth	rdfs:subClassOf	
INFO	missing_superclass	metacarpal bone of digit 4 proximal depth	rdfs:subClassOf	
INFO	missing_superclass	metacarpal bone of digit 4 diaphysis breadth	rdfs:subClassOf	
INFO	missing_superclass	metacarpal bone of digit 3 distal depth	rdfs:subClassOf	
INFO	missing_superclass	metatarsal bone of digit 3 diaphysis breadth	rdfs:subClassOf	
INFO	missing_superclass	metatarsal bone of digit 3 diaphysis depth	rdfs:subClassOf	
INFO	missing_superclass	metatarsal bone of digit 2 diaphysis depth	rdfs:subClassOf	
INFO	missing_superclass	metatarsal bone of digit 4 diaphysis depth	rdfs:subClassOf	
INFO	missing_superclass	metatarsal bone of digit 4 proximal depth	rdfs:subClassOf	
INFO	missing_superclass	metatarsal bone of digit 2 proximal depth	rdfs:subClassOf	
INFO	missing_superclass	metatarsal bone of digit 4 diaphysis breadth	rdfs:subClassOf	
INFO	missing_superclass	atlas breadth	rdfs:subClassOf	
INFO	missing_superclass	atlas length	rdfs:subClassOf	
INFO	missing_superclass	atlas dorsal arch length	rdfs:subClassOf	
INFO	missing_superclass	atlas height	rdfs:subClassOf	
INFO	missing_superclass	axis body length	rdfs:subClassOf	
INFO	missing_superclass	axis arch length	rdfs:subClassOf	
INFO	missing_superclass	axis breadth	rdfs:subClassOf	
INFO	missing_superclass	axis height	rdfs:subClassOf	
INFO	missing_superclass	proximal phalanx of manual digit 3 proximal breadth	rdfs:subClassOf	
INFO	missing_superclass	proximal phalanx of manual digit 3 distal breadth	rdfs:subClassOf	
INFO	missing_superclass	proximal phalanx of manual digit 3 diaphysis breadth	rdfs:subClassOf	
INFO	missing_superclass	proximal phalanx of manual digit 3 anterior length	rdfs:subClassOf	
INFO	missing_superclass	proximal phalanx of manual digit 3 proximal depth	rdfs:subClassOf	
INFO	missing_superclass	proximal phalanx of pedal digit 3 length	rdfs:subClassOf	
INFO	missing_superclass	proximal phalanx of pedal digit 3 proximal breadth	rdfs:subClassOf	
INFO	missing_superclass	proximal phalanx of pedal digit 3 diaphysis breadth	rdfs:subClassOf	
INFO	missing_superclass	proximal phalanx of pedal digit 3 distal breadth	rdfs:subClassOf	
INFO	missing_superclass	proximal phalanx of pedal digit 3 anterior length	rdfs:subClassOf	
INFO	missing_superclass	middle phalanx of manual digit 3 proximal breadth	rdfs:subClassOf	
INFO	missing_superclass	middle phalanx of manual digit 3 distal breadth	rdfs:subClassOf	
INFO	missing_superclass	middle phalanx of manual digit 3 diaphysis breadth	rdfs:subClassOf	
INFO	missing_superclass	middle phalanx of manual digit 3 anterior length	rdfs:subClassOf	
INFO	missing_superclass	middle phalanx of manual digit 3 proximal depth	rdfs:subClassOf	
INFO	missing_superclass	middle phalanx of pedal digit 3 length	rdfs:subClassOf	
INFO	missing_superclass	middle phalanx of pedal digit 3 proximal breadth	rdfs:subClassOf	
INFO	missing_superclass	middle phalanx of pedal digit 3 diaphysis breadth	rdfs:subClassOf	
INFO	missing_superclass	middle phalanx of pedal digit 3 distal breadth	rdfs:subClassOf	
INFO	missing_superclass	distal phalanx of manual digit 3 proximal breadth	rdfs:subClassOf	
INFO	missing_superclass	distal phalanx of manual digit 3 distal breadth	rdfs:subClassOf	
INFO	missing_superclass	distal phalanx of manual digit 3 diaphysis breadth	rdfs:subClassOf	
INFO	missing_superclass	distal phalanx of manual digit 3 anterior length	rdfs:subClassOf	
INFO	missing_superclass	distal phalanx of manual digit 3 proximal depth	rdfs:subClassOf	
INFO	missing_superclass	distal phalanx of pedal digit 3 length	rdfs:subClassOf	
INFO	missing_superclass	distal phalanx of pedal digit 3 proximal breadth	rdfs:subClassOf	
INFO	missing_superclass	distal phalanx of pedal digit 3 diaphysis breadth	rdfs:subClassOf	
INFO	missing_superclass	distal phalanx of pedal digit 3 distal breadth	rdfs:subClassOf	
INFO	missing_superclass	middle phalanx of manual digit 5 proximal breadth	rdfs:subClassOf	
INFO	missing_superclass	middle phalanx of manual digit 5 distal breadth	rdfs:subClassOf	
INFO	missing_superclass	middle phalanx of manual digit 5 diaphysis breadth	rdfs:subClassOf	
INFO	missing_superclass	middle phalanx of manual digit 5 proximal depth	rdfs:subClassOf	
INFO	missing_superclass	middle phalanx of pedal digit 5 length	rdfs:subClassOf	
INFO	missing_superclass	middle phalanx of pedal digit 5 proximal breadth	rdfs:subClassOf	
INFO	missing_superclass	middle phalanx of pedal digit 5 diaphysis breadth	rdfs:subClassOf	
INFO	missing_superclass	middle phalanx of pedal digit 5 distal breadth	rdfs:subClassOf	
INFO	missing_superclass	distal phalanx of manual digit 1 proximal breadth	rdfs:subClassOf	
INFO	missing_superclass	distal phalanx of manual digit 1 distal breadth	rdfs:subClassOf	
INFO	missing_superclass	distal phalanx of manual digit 1 diaphysis breadth	rdfs:subClassOf	
INFO	missing_superclass	distal phalanx of manual digit 1 anterior length	rdfs:subClassOf	
INFO	missing_superclass	distal phalanx of manual digit 1 proximal depth	rdfs:subClassOf	
INFO	missing_superclass	distal phalanx of pedal digit 1 length	rdfs:subClassOf	
INFO	missing_superclass	distal phalanx of pedal digit 1 proximal breadth	rdfs:subClassOf	
INFO	missing_superclass	distal phalanx of pedal digit 1 diaphysis breadth	rdfs:subClassOf	
INFO	missing_superclass	distal phalanx of pedal digit 1 distal breadth	rdfs:subClassOf	
INFO	missing_superclass	middle phalanx of manual digit 2 proximal breadth	rdfs:subClassOf	
INFO	missing_superclass	middle phalanx of manual digit 2 distal breadth	rdfs:subClassOf	
INFO	missing_superclass	middle phalanx of manual digit 2 diaphysis breadth	rdfs:subClassOf	
INFO	missing_superclass	middle phalanx of manual digit 2 proximal depth	rdfs:subClassOf	
INFO	missing_superclass	middle phalanx of pedal digit 2 length	rdfs:subClassOf	
INFO	missing_superclass	middle phalanx of pedal digit 2 proximal breadth	rdfs:subClassOf	
INFO	missing_superclass	middle phalanx of pedal digit 2 diaphysis breadth	rdfs:subClassOf	
INFO	missing_superclass	middle phalanx of pedal digit 2 distal breadth	rdfs:subClassOf	
INFO	missing_superclass	middle phalanx of manual digit 4 proximal breadth	rdfs:subClassOf	
INFO	missing_superclass	middle phalanx of manual digit 4 distal breadth	rdfs:subClassOf	
INFO	missing_superclass	middle phalanx of manual digit 4 diaphysis breadth	rdfs:subClassOf	
INFO	missing_superclass	middle phalanx of manual digit 4 proximal depth	rdfs:subClassOf	
INFO	missing_superclass	middle phalanx of pedal digit 4 length	rdfs:subClassOf	
INFO	missing_superclass	middle phalanx of pedal digit 4 proximal breadth	rdfs:subClassOf	
INFO	missing_superclass	middle phalanx of pedal digit 4 diaphysis breadth	rdfs:subClassOf	
INFO	missing_superclass	middle phalanx of pedal digit 4 distal breadth	rdfs:subClassOf	
INFO	missing_superclass	distal phalanx of manual digit 5 proximal breadth	rdfs:subClassOf	
INFO	missing_superclass	distal phalanx of manual digit 5 distal breadth	rdfs:subClassOf	
INFO	missing_superclass	distal phalanx of manual digit 5 diaphysis breadth	rdfs:subClassOf	
INFO	missing_superclass	distal phalanx of manual digit 5 anterior length	rdfs:subClassOf	
INFO	missing_superclass	distal phalanx of manual digit 5 proximal depth	rdfs:subClassOf	
INFO	missing_superclass	distal phalanx of pedal digit 5 length	rdfs:subClassOf	
INFO	missing_superclass	distal phalanx of pedal digit 5 proximal breadth	rdfs:subClassOf	
INFO	missing_superclass	distal phalanx of pedal digit 5 diaphysis breadth	rdfs:subClassOf	
INFO	missing_superclass	distal phalanx of pedal digit 5 distal breadth	rdfs:subClassOf	
INFO	missing_superclass	distal phalanx of manual digit 4 proximal breadth	rdfs:subClassOf	
INFO	missing_superclass	distal phalanx of manual digit 4 distal breadth	rdfs:subClassOf	
INFO	missing_superclass	distal phalanx of manual digit 4 diaphysis breadth	rdfs:subClassOf	
INFO	missing_superclass	distal phalanx of manual digit 4 anterior length	rdfs:subClassOf	
INFO	missing_superclass	distal phalanx of manual digit 4 proximal depth	rdfs:subClassOf	
INFO	missing_superclass	distal phalanx of pedal digit 4 length	rdfs:subClassOf	
INFO	missing_superclass	distal phalanx of pedal digit 4 proximal breadth	rdfs:subClassOf	
INFO	missing_superclass	distal phalanx of pedal digit 4 diaphysis breadth	rdfs:subClassOf	
INFO	missing_superclass	distal phalanx of pedal digit 4 distal breadth	rdfs:subClassOf	
INFO	missing_superclass	distal phalanx of manual digit 2 proximal breadth	rdfs:subClassOf	
INFO	missing_superclass	distal phalanx of manual digit 2 distal breadth	rdfs:subClassOf	
INFO	missing_superclass	distal phalanx of manual digit 2 diaphysis breadth	rdfs:subClassOf	
INFO	missing_superclass	distal phalanx of manual digit 2 anterior length	rdfs:subClassOf	
INFO	missing_superclass	distal phalanx of manual digit 2 proximal depth	rdfs:subClassOf	
INFO	missing_superclass	distal phalanx of pedal digit 2 length	rdfs:subClassOf	
INFO	missing_superclass	distal phalanx of pedal digit 2 proximal breadth	rdfs:subClassOf	
INFO	missing_superclass	distal phalanx of pedal digit 2 diaphysis breadth	rdfs:subClassOf	
INFO	missing_superclass	distal phalanx of pedal digit 2 distal breadth	rdfs:subClassOf	
INFO	missing_superclass	middle phalanx of manual digit 1 proximal breadth	rdfs:subClassOf	
INFO	missing_superclass	middle phalanx of manual digit 1 distal breadth	rdfs:subClassOf	
INFO	missing_superclass	middle phalanx of manual digit 1 diaphysis breadth	rdfs:subClassOf	
INFO	missing_superclass	proximal phalanx of manual digit 1 proximal breadth	rdfs:subClassOf	
INFO	missing_superclass	proximal phalanx of manual digit 1 distal breadth	rdfs:subClassOf	
INFO	missing_superclass	proximal phalanx of manual digit 1 diaphysis breadth	rdfs:subClassOf	
INFO	missing_superclass	proximal phalanx of manual digit 1 anterior length	rdfs:subClassOf	
INFO	missing_superclass	proximal phalanx of manual digit 1 proximal depth	rdfs:subClassOf	
INFO	missing_superclass	proximal phalanx of pedal digit 1 length	rdfs:subClassOf	
INFO	missing_superclass	proximal phalanx of pedal digit 1 proximal breadth	rdfs:subClassOf	
INFO	missing_superclass	proximal phalanx of pedal digit 1 diaphysis breadth	rdfs:subClassOf	
INFO	missing_superclass	proximal phalanx of pedal digit 1 distal breadth	rdfs:subClassOf	
INFO	missing_superclass	proximal phalanx of pedal digit 1 anterior length	rdfs:subClassOf	
INFO	missing_superclass	proximal phalanx of manual digit 2 proximal breadth	rdfs:subClassOf	
INFO	missing_superclass	proximal phalanx of manual digit 2 distal breadth	rdfs:subClassOf	
INFO	missing_superclass	proximal phalanx of manual digit 2 diaphysis breadth	rdfs:subClassOf	
INFO	missing_superclass	proximal phalanx of manual digit 2 anterior length	rdfs:subClassOf	
INFO	missing_superclass	proximal phalanx of manual digit 2 proximal depth	rdfs:subClassOf	
INFO	missing_superclass	proximal phalanx of pedal digit 2 length	rdfs:subClassOf	
INFO	missing_superclass	proximal phalanx of pedal digit 2 proximal breadth	rdfs:subClassOf	
INFO	missing_superclass	proximal phalanx of pedal digit 2 diaphysis breadth	rdfs:subClassOf	
INFO	missing_superclass	proximal phalanx of pedal digit 2 distal breadth	rdfs:subClassOf	
INFO	missing_superclass	proximal phalanx of pedal digit 2 anterior length	rdfs:subClassOf	
INFO	missing_superclass	proximal phalanx of manual digit 5 proximal breadth	rdfs:subClassOf	
INFO	missing_superclass	proximal phalanx of manual digit 5 distal breadth	rdfs:subClassOf	
INFO	missing_superclass	proximal phalanx of manual digit 5 diaphysis breadth	rdfs:subClassOf	
INFO	missing_superclass	proximal phalanx of manual digit 5 anterior length	rdfs:subClassOf	
INFO	missing_superclass	proximal phalanx of manual digit 5 proximal depth	rdfs:subClassOf	
INFO	missing_superclass	proximal phalanx of pedal digit 5 length	rdfs:subClassOf	
INFO	missing_superclass	proximal phalanx of pedal digit 5 proximal breadth	rdfs:subClassOf	
INFO	missing_superclass	proximal phalanx of pedal digit 5 diaphysis breadth	rdfs:subClassOf	
INFO	missing_superclass	proximal phalanx of pedal digit 5 distal breadth	rdfs:subClassOf	
INFO	missing_superclass	proximal phalanx of pedal digit 5 anterior length	rdfs:subClassOf	
INFO	missing_superclass	proximal phalanx of manual digit 4 proximal breadth	rdfs:subClassOf	
INFO	missing_superclass	proximal phalanx of manual digit 4 distal breadth	rdfs:subClassOf	
INFO	missing_superclass	proximal phalanx of manual digit 4 diaphysis breadth	rdfs:subClassOf	
INFO	missing_superclass	proximal phalanx of manual digit 4 anterior length	rdfs:subClassOf	
INFO	missing_superclass	proximal phalanx of manual digit 4 proximal depth	rdfs:subClassOf	
INFO	missing_superclass	proximal phalanx of pedal digit 4 length	rdfs:subClassOf	
INFO	missing_superclass	proximal phalanx of pedal digit 4 proximal breadth	rdfs:subClassOf	
INFO	missing_superclass	proximal phalanx of pedal digit 4 diaphysis breadth	rdfs:subClassOf	
INFO	missing_superclass	proximal phalanx of pedal digit 4 distal breadth	rdfs:subClassOf	
INFO	missing_superclass	proximal phalanx of pedal digit 4 anterior length	rdfs:subClassOf	
INFO	missing_superclass	sacrum length	rdfs:subClassOf	
INFO	missing_superclass	sacrum breadth	rdfs:subClassOf	
INFO	missing_superclass	thoracic vertebra height	rdfs:subClassOf	
INFO	missing_superclass	cervical vertebra transverse process breadth	rdfs:subClassOf	
INFO	missing_superclass	cervical vertebra height	rdfs:subClassOf	
INFO	missing_superclass	lumbar vertebra transverse process breadth	rdfs:subClassOf	
INFO	missing_superclass	lumbar vertebra height	rdfs:subClassOf	
INFO	missing_superclass	thoracic vertebra 1 height	rdfs:subClassOf	
INFO	missing_superclass	thoracic vertebra 2 height	rdfs:subClassOf	
INFO	missing_superclass	thoracic vertebra 3 height	rdfs:subClassOf	
INFO	missing_superclass	thoracic vertebra 5 height	rdfs:subClassOf	
INFO	missing_superclass	thoracic vertebra 4 height	rdfs:subClassOf	
INFO	missing_superclass	thoracic vertebra 6 height	rdfs:subClassOf	
INFO	missing_superclass	thoracic vertebra 12 height	rdfs:subClassOf	
INFO	missing_superclass	thoracic vertebra 7 height	rdfs:subClassOf	
INFO	missing_superclass	thoracic vertebra 11 height	rdfs:subClassOf	
INFO	missing_superclass	thoracic vertebra 8 height	rdfs:subClassOf	
INFO	missing_superclass	thoracic vertebra 9 height	rdfs:subClassOf	
INFO	missing_superclass	thoracic vertebra 10 height	rdfs:subClassOf	
INFO	missing_superclass	lumbar vertebra 1 height	rdfs:subClassOf	
INFO	missing_superclass	lumbar vertebra 3 height	rdfs:subClassOf	
INFO	missing_superclass	lumbar vertebra 4 height	rdfs:subClassOf	
INFO	missing_superclass	lumbar vertebra 5 height	rdfs:subClassOf	
INFO	missing_superclass	mammalian cervical vertebra 3 height	rdfs:subClassOf	
INFO	missing_superclass	mammalian cervical vertebra 4 height	rdfs:subClassOf	
INFO	missing_superclass	mammalian cervical vertebra 5 height	rdfs:subClassOf	
INFO	missing_superclass	mammalian cervical vertebra 6 height	rdfs:subClassOf	
INFO	missing_superclass	mammalian cervical vertebra 7 height	rdfs:subClassOf	
INFO	missing_superclass	lumbar vertebra 2 height	rdfs:subClassOf	
INFO	missing_superclass	distal phalanx of manual digit 3 height	rdfs:subClassOf	
INFO	missing_superclass	distal phalanx of pes anterior length	rdfs:subClassOf	
INFO	missing_superclass	distal phalanx of pes diaphysis breadth	rdfs:subClassOf	
INFO	missing_superclass	distal phalanx of pes distal breadth	rdfs:subClassOf	
INFO	missing_superclass	distal phalanx of pes proximal breadth	rdfs:subClassOf	
INFO	missing_superclass	distal phalanx of pes proximal depth	rdfs:subClassOf	
INFO	missing_superclass	distal phalanx of manus anterior length	rdfs:subClassOf	
INFO	missing_superclass	distal phalanx of manus diaphysis breadth	rdfs:subClassOf	
INFO	missing_superclass	distal phalanx of manus distal breadth	rdfs:subClassOf	
INFO	missing_superclass	distal phalanx of manus proximal breadth	rdfs:subClassOf	
INFO	missing_superclass	distal phalanx of manus proximal depth	rdfs:subClassOf	
INFO	missing_superclass	middle phalanx of manus distal breadth	rdfs:subClassOf	
INFO	missing_superclass	middle phalanx of pes distal breadth	rdfs:subClassOf	
INFO	missing_superclass	proximal phalanx of manus distal breadth	rdfs:subClassOf	
INFO	missing_superclass	proximal phalanx of pes distal breadth	rdfs:subClassOf	
INFO	missing_superclass	metacarpal bone diaphysis depth	rdfs:subClassOf	
INFO	missing_superclass	metacarpal bone proximal breadth	rdfs:subClassOf	
INFO	missing_superclass	metacarpal bone proximal depth	rdfs:subClassOf	
INFO	missing_superclass	metacarpal bone diaphysis breadth	rdfs:subClassOf	
INFO	missing_superclass	metatarsal bone diaphysis depth	rdfs:subClassOf	
INFO	missing_superclass	metatarsal bone diaphysis breadth	rdfs:subClassOf	
INFO	missing_superclass	metatarsal bone proximal breadth	rdfs:subClassOf	
INFO	missing_superclass	metatarsal bone proximal depth	rdfs:subClassOf	
INFO	missing_superclass	metapodial bone proximal depth	rdfs:subClassOf	
INFO	missing_superclass	metapodial bone proximal breadth	rdfs:subClassOf	
INFO	missing_superclass	phalanx distal breadth	rdfs:subClassOf	
INFO	missing_superclass	phalanx anterior length	rdfs:subClassOf	
INFO	missing_superclass	phalanx proximal breadth	rdfs:subClassOf	
INFO	missing_superclass	phalanx proximal depth	rdfs:subClassOf	
INFO	missing_superclass	phalanx of pes distal breadth	rdfs:subClassOf	
INFO	missing_superclass	phalanx of pes anterior length	rdfs:subClassOf	
INFO	missing_superclass	phalanx of pes proximal breadth	rdfs:subClassOf	
INFO	missing_superclass	phalanx of pes proximal depth	rdfs:subClassOf	
INFO	missing_superclass	phalanx of manus anterior length	rdfs:subClassOf	
INFO	missing_superclass	phalanx of manus distal breadth	rdfs:subClassOf	
INFO	missing_superclass	phalanx of manus proximal breadth	rdfs:subClassOf	
INFO	missing_superclass	phalanx of manus proximal depth	rdfs:subClassOf	
INFO	missing_superclass	vertebra height	rdfs:subClassOf	
INFO	missing_superclass	vertebra transverse process breadth	rdfs:subClassOf	
INFO	missing_superclass	proximal phalanx of manus anterior length	rdfs:subClassOf	
INFO	missing_superclass	proximal phalanx of pes anterior length	rdfs:subClassOf	
INFO	missing_superclass	metacarpal bone of digit 3 proximal depth	rdfs:subClassOf	
INFO	missing_superclass	distal phalanx of manual digit 3 circumference	rdfs:subClassOf	
INFO	missing_superclass	distal phalanx of pedal digit 3 circumference	rdfs:subClassOf	
INFO	missing_superclass	distal phalanx of digit 3 circumference	rdfs:subClassOf	
INFO	missing_superclass	distal phalanx of manual digit 2 breadth	rdfs:subClassOf	
INFO	missing_superclass	distal phalanx of pedal digit 2 breadth	rdfs:subClassOf	
INFO	missing_superclass	distal phalanx of digit 2 breadth	rdfs:subClassOf	
INFO	missing_superclass	distal phalanx of pedal digit 4 breadth	rdfs:subClassOf	
INFO	missing_superclass	distal phalanx of manual digit 4 breadth	rdfs:subClassOf	
INFO	missing_superclass	distal phalanx of digit 4 breadth	rdfs:subClassOf	
INFO	missing_superclass	distal phalanx of pedal digit 3 height	rdfs:subClassOf	
INFO	missing_superclass	distal phalanx of pedal digit 2 depth	rdfs:subClassOf	
INFO	missing_superclass	navicular breadth	rdfs:subClassOf	
INFO	missing_superclass	distal phalanx of pedal digit 4 depth	rdfs:subClassOf	
